{
  "by_problem": {
    "mathd_numbertheory_961": [
      0.0002874223959530927,
      0.00020569897230736449,
      0.00022343372955581372
    ],
    "aime_1983_p1": [
      0.0
    ],
    "mathd_algebra_270": [
      4.6168924441570795e-7
    ],
    "mathd_algebra_246": [
      1.8570027855450325e-6
    ],
    "numbertheory_2pownm1prime_nprime": [
      0.0,
      0.0,
      0.0
    ],
    "mathd_algebra_141": [
      0.0000769772629948974,
      0.000012593650795090067,
      0.00001142425214731957
    ],
    "mathd_algebra_359": [
      0.00026044576334179,
      0.00027008639253438,
      0.00023448385180057803
    ],
    "amc12_2000_p12": [
      0.0
    ],
    "algebra_bleqa_apbon2msqrtableqambsqon8b": [
      0.0
    ],
    "mathd_algebra_11": [
      0.0,
      0.0,
      0.0
    ],
    "mathd_numbertheory_5": [
      0.0,
      0.0,
      0.0
    ],
    "imo_1962_p2": [
      0.0
    ],
    "mathd_algebra_125": [
      0.000058819588499335256,
      8.281595926143834e-6,
      0.0
    ],
    "imo_1964_p2": [
      0.0
    ],
    "aime_1997_p9": [
      0.0,
      0.0,
      0.0
    ],
    "amc12b_2021_p13": [
      0.0
    ],
    "mathd_algebra_107": [
      0.0,
      4.671727018148686e-7,
      0.000014462793004254464
    ],
    "mathd_algebra_148": [
      4.212208886619748e-7
    ],
    "mathd_algebra_208": [
      0.0
    ],
    "mathd_algebra_171": [
      0.000018895198856568376,
      0.00021135308456088968,
      0.000021450319141065727
    ],
    "amc12_2000_p6": [
      0.0
    ],
    "mathd_algebra_10": [
      0.00026212354144631905,
      0.0002721672761852817,
      0.0002664249659375681
    ],
    "amc12a_2003_p5": [
      0.0
    ],
    "mathd_algebra_332": [
      0.0
    ],
    "mathd_algebra_44": [
      0.0
    ]
  }
}